id,name,image_url,bio,born,died,top_book_ids
a1,Elizabeth Hancock,https://picsum.photos/seed/author_a1/400/400,"High heart star especially me model thousand small. Discover color person laugh issue compare.
Beat affect change ten. Water while thus too and expect year. List military catch grow.",1995,,"[""b41"", ""b120"", ""b154"", ""b175"", ""b400"", ""b525""]"
a2,Grace Gallegos,https://picsum.photos/seed/author_a2/400/400,"Win someone nation feeling. Act already someone country education two she.
With doctor phone level three good again pattern. Onto side wait trade reason him.
Reflect establish every someone enough special section.",1962,,"[""b50"", ""b232"", ""b247"", ""b316"", ""b380"", ""b559""]"
a3,Frances Sims,https://picsum.photos/seed/author_a3/400/400,"Baby base have interview keep rise. Without happen cost.
Writer beyond those left early project. Sometimes hand finally tonight growth control anyone. Eat population night wonder its month sign doctor.",1956,,"[""b22"", ""b148"", ""b215"", ""b224"", ""b253"", ""b272""]"
a4,James Smith,https://picsum.photos/seed/author_a4/400/400,"Employee camera data response public suddenly book later. Event unit suggest high quickly fine. Nature recent clear together anything program.
Religious indeed teacher challenge possible scene. Develop Mr wall compare.",2002,,"[""b29"", ""b32"", ""b151"", ""b172"", ""b245"", ""b371""]"
a5,Crystal Rice,https://picsum.photos/seed/author_a5/400/400,"Hundred then establish wonder. Daughter born control land process wait discussion keep. Democrat term game responsibility must threat.
Quality system job seven tend walk. Five perhaps decide.",1972,,"[""b36"", ""b159"", ""b170"", ""b182"", ""b209"", ""b233""]"
a6,Erin Lee,https://picsum.photos/seed/author_a6/400/400,"Congress reduce area plant. Drug face color garden individual. Pretty force event great crime local.
Another board decision hour next political everyone if. Number piece return level although baby find around.",1970,,"[""b3"", ""b17"", ""b28"", ""b139"", ""b163"", ""b219""]"
a7,Jimmy Ellis,https://picsum.photos/seed/author_a7/400/400,"Next consumer determine test us term performance. Rich serve government common.
Someone discussion trouble cell state cell certainly chair. Some set ever word. Meet police anything.",1969,,"[""b26"", ""b81"", ""b96"", ""b124"", ""b135"", ""b149""]"
a8,Veronica Alexander,https://picsum.photos/seed/author_a8/400/400,"Image wear fast itself mind. Type despite assume person.
Affect wrong successful about. Score grow who language natural letter.",1963,,"[""b13"", ""b16"", ""b20"", ""b92"", ""b146"", ""b150""]"
a9,Alicia Mullen,https://picsum.photos/seed/author_a9/400/400,"Itself fire today page structure. Hard organization machine summer campaign item seem no. Air film top thousand gas style.
Eat their pattern student into defense who lead. Mrs note artist edge special series.",2002,,"[""b153"", ""b164"", ""b234"", ""b267"", ""b274"", ""b281""]"
a10,Sharon Huffman,https://picsum.photos/seed/author_a10/400/400,"Size bit sing eat data. Recently him operation agree.
Glass service election wonder rest act work to. Article year TV western seem. Fine data bag dog event article. Environment now now room rock increase manage.",1961,,"[""b15"", ""b166"", ""b258"", ""b421"", ""b455""]"
a11,Alice Perry,https://picsum.photos/seed/author_a11/400/400,"Court image Democrat bit suddenly.
Concern present operation eight. Attack degree he open green.",1998,,"[""b4"", ""b65"", ""b102"", ""b131"", ""b198"", ""b201""]"
a12,Jesse Lozano,https://picsum.photos/seed/author_a12/400/400,"Smile again arrive box notice. Likely receive everybody energy heart energy require.
Watch social range next. Form work major something.
His training gas space best chance.",2002,,"[""b74"", ""b84"", ""b184"", ""b276"", ""b277"", ""b323""]"
a13,Richard Gardner,https://picsum.photos/seed/author_a13/400/400,"Job they choice space doctor. State yes general half quickly wind everything.
Be me wrong top generation station. Reach ever current crime mother. Clearly lot stock service animal response.",1989,,"[""b93"", ""b94"", ""b200"", ""b237"", ""b246"", ""b456""]"
a14,Brian Best,https://picsum.photos/seed/author_a14/400/400,A fight budget represent firm us so. Tv stage party movie floor possible strong benefit. Everyone bag perform garden no risk also.,1960,,"[""b23"", ""b69"", ""b228"", ""b309"", ""b356"", ""b378""]"
a15,Pamela Lloyd,https://picsum.photos/seed/author_a15/400/400,"Like management choice smile about yes fill. Factor them life. Result now pay most side trade voice.
Decide fund blue interview one protect kitchen degree. Wonder citizen last add option.",1992,,"[""b132"", ""b137"", ""b322"", ""b365"", ""b443"", ""b481""]"
a16,Rebecca Powell,https://picsum.photos/seed/author_a16/400/400,"Agree more by walk that early. Road during draw focus while defense rich.
Care speech true like arrive. Soldier today relationship. With look music.",1982,,"[""b60"", ""b99"", ""b183"", ""b208"", ""b295"", ""b296""]"
a17,Shelly Scott,https://picsum.photos/seed/author_a17/400/400,"Since medical religious inside daughter entire. Involve none us.
Election which read. Themselves very trip stay during much drive. Girl actually score save expert.",1957,,"[""b34"", ""b40"", ""b52"", ""b97"", ""b207"", ""b308""]"
a18,Martin Williams,https://picsum.photos/seed/author_a18/400/400,"Necessary relationship crime morning here tonight. Ago still weight source reach reason car. Music organization who which.
Security three against professional above staff system. Model support same walk.",1956,,"[""b7"", ""b27"", ""b47"", ""b49"", ""b67"", ""b75""]"
a19,Erin Wright,https://picsum.photos/seed/author_a19/400/400,"Four she short. Drive billion whatever change animal also skin.
Surface Mrs where keep. Price pull when either campaign tell.",1960,,"[""b30"", ""b37"", ""b39"", ""b103"", ""b115"", ""b133""]"
a20,Douglas Reyes,https://picsum.photos/seed/author_a20/400/400,Nearly quite effect wife per attorney sort rule. Kid perhaps decide recognize. Able remember then treat soldier risk.,1968,,"[""b193"", ""b216"", ""b263"", ""b273"", ""b335"", ""b336""]"
a21,Ryan Watkins,https://picsum.photos/seed/author_a21/400/400,"Whatever account go throughout tax. North security long teacher. Wear own mean beautiful TV behavior.
Reality accept tough husband both leg how. She mission out watch. Group occur building article.",1969,,"[""b85"", ""b111"", ""b162"", ""b176"", ""b205"", ""b244""]"
a22,Johnathan Hamilton,https://picsum.photos/seed/author_a22/400/400,"Mean myself clear might majority. Interesting animal source myself federal green.
Speech just skill exist animal exist. Program test political support some.",1987,,"[""b72"", ""b169"", ""b196"", ""b338"", ""b402"", ""b439""]"
a23,Angela Reed,https://picsum.photos/seed/author_a23/400/400,"Allow fight another bill country. Everyone sort food five phone heart hotel again.
Third bar space notice way parent.
Someone small difficult. Lead bring Republican quickly allow probably.",1993,,"[""b44"", ""b48"", ""b51"", ""b76"", ""b87"", ""b121""]"
a24,Ian Brewer,https://picsum.photos/seed/author_a24/400/400,"Ahead arm along. Herself short happen plant a benefit interview.
Environmental discover read ahead something. Fact card tough figure. One still hour image goal stand reduce.",1956,,"[""b43"", ""b53"", ""b223"", ""b231"", ""b250"", ""b290""]"
a25,Mia Kirby,https://picsum.photos/seed/author_a25/400/400,"Source understand no. Race throughout lawyer director PM work. Popular reach cold bar.
Between anything away any dinner four power. Believe response trial return store three. Represent Mr others.",1990,,"[""b123"", ""b325"", ""b344"", ""b375"", ""b430"", ""b431""]"
a26,Melanie Gordon,https://picsum.photos/seed/author_a26/400/400,"Condition song reality cultural short. Although color suddenly evidence. Culture bank they purpose skill pattern.
New speech figure instead. Positive red tree billion. Simple approach past yet soldier entire.",1967,,"[""b33"", ""b73"", ""b80"", ""b280"", ""b354"", ""b527""]"
a27,Justin Johnson,https://picsum.photos/seed/author_a27/400/400,"Arm range there. Anyone everyone such amount.
Either item author family anyone significant church. Whom coach thank than spend certain community.",2000,,"[""b24"", ""b46"", ""b118"", ""b125"", ""b204"", ""b242""]"
a28,Michael Roach,https://picsum.photos/seed/author_a28/400/400,"Much by check us affect action weight. Method surface boy environmental. Though still hear Democrat red Mr shake.
Picture strong effort discuss to step until.",1996,,"[""b57"", ""b161"", ""b328"", ""b383"", ""b385"", ""b395""]"
a29,James Young,https://picsum.photos/seed/author_a29/400/400,"Use be explain discussion political none usually. Book piece air across fine year.
Fire government individual ground. Program control side education always serious up accept.",1999,,"[""b100"", ""b129"", ""b156"", ""b188"", ""b189"", ""b190""]"
a30,Justin Cruz,https://picsum.photos/seed/author_a30/400/400,"Improve realize page history. Very build Mrs page.
You design father great. Year suddenly wind view reality hear world.",1989,,"[""b25"", ""b35"", ""b78"", ""b117"", ""b143"", ""b160""]"
a31,Paula Preston,https://picsum.photos/seed/author_a31/400/400,"Include front room late. Son economy cultural but condition.
Show body six music light yeah situation since. Far already hope nothing. Perhaps marriage cell within.
Loss audience law ok. Charge begin knowledge travel.",1981,,"[""b144"", ""b206"", ""b212"", ""b241"", ""b270"", ""b305""]"
a32,David Woods,https://picsum.photos/seed/author_a32/400/400,"Fine whom somebody evening hand almost adult. Reach born enough show whether population.
Collection sing police school nice make act.",1969,,"[""b61"", ""b83"", ""b173"", ""b311"", ""b364"", ""b403""]"
a33,Kristen English,https://picsum.photos/seed/author_a33/400/400,"Seat building our loss possible. Player say treat perform. Defense night quality allow.
Religious price subject put. Movie bad financial.
Certainly tell attack model. Process officer nor campaign.",1983,,"[""b14"", ""b113"", ""b177"", ""b238"", ""b463"", ""b510""]"
a34,William Meyer DVM,https://picsum.photos/seed/author_a34/400/400,"Join in what full note land. Morning usually medical receive there brother. Technology light front road across.
Reality by national individual. Street article national under.",1992,,"[""b88"", ""b140"", ""b155"", ""b181"", ""b211"", ""b226""]"
a35,Karen Jackson,https://picsum.photos/seed/author_a35/400/400,Scientist choice space our she. Position great seek pass thank budget. Rich spend here year phone drop million market.,1972,,"[""b19"", ""b71"", ""b82"", ""b127"", ""b220"", ""b293""]"
a36,Benjamin Lloyd,https://picsum.photos/seed/author_a36/400/400,"Anyone society little need establish power former. Into rule project knowledge. Consumer week environment difficult show writer able those.
Have chance painting trouble center style forget. West simply nation benefit.",1955,,"[""b42"", ""b55"", ""b63"", ""b194"", ""b202"", ""b252""]"
a37,Elizabeth Perez,https://picsum.photos/seed/author_a37/400/400,Whatever artist opportunity traditional boy your. Happy pattern baby manager by. Ready shake build natural.,1965,,"[""b86"", ""b98"", ""b122"", ""b225"", ""b239"", ""b284""]"
a38,Brandon Crawford,https://picsum.photos/seed/author_a38/400/400,"Thank interest serve source. Listen walk especially. Bank practice kind foreign other study practice exist.
Soldier no source kind during. Kitchen skill news daughter last. Whether while every board carry.",1999,,"[""b21"", ""b31"", ""b147"", ""b152"", ""b186"", ""b255""]"
a39,Jason Mays,https://picsum.photos/seed/author_a39/400/400,"Phone young me. Poor gun people common century peace affect become.
Line smile try safe. School against one. Official approach past could great accept.",1982,,"[""b1"", ""b5"", ""b11"", ""b106"", ""b108"", ""b119""]"
a40,Lisa Williams,https://picsum.photos/seed/author_a40/400/400,"Treatment common teach. Case grow answer court. Camera white wait measure citizen around.
From talk describe religious explain. Girl case dream history. System meet question stuff.",1976,,"[""b45"", ""b56"", ""b77"", ""b101"", ""b114"", ""b251""]"
a41,Daniel Cooper,https://picsum.photos/seed/author_a41/400/400,"Statement gun class strong available apply. Letter summer station morning quite. Plan cell want front position baby.
Other provide improve response garden church. Structure around key political.",1972,,"[""b2"", ""b134"", ""b138"", ""b185"", ""b268"", ""b299""]"
a42,James Rowe,https://picsum.photos/seed/author_a42/400/400,"Glass myself modern affect paper until. Actually arm strong statement image.
Value woman air list occur economic adult. Would blue TV race several land save. Could sit add break feeling probably realize.",1964,,"[""b8"", ""b105"", ""b126"", ""b145"", ""b157"", ""b195""]"
a43,Amy Wright,https://picsum.photos/seed/author_a43/400/400,"Message our physical beyond during nearly. Finally contain above. Spring rest end law spend guy sort cultural.
Personal ago other simple several dinner page letter. Recently central argue.",1968,,"[""b18"", ""b38"", ""b112"", ""b165"", ""b230"", ""b382""]"
a44,Vanessa Richardson,https://picsum.photos/seed/author_a44/400/400,"Form policy real own organization. Activity family range authority stop environmental. Some professional happen particularly might sign.
Several ability if. Party peace once vote past political yet film.",1976,,"[""b6"", ""b12"", ""b104"", ""b142"", ""b191"", ""b262""]"
a45,Wendy Brown,https://picsum.photos/seed/author_a45/400/400,"Opportunity able around method test pay media. News who system good section two.
Bed six wall change start. Edge role trip person parent.",1961,,"[""b89"", ""b90"", ""b180"", ""b300"", ""b319"", ""b376""]"
a46,Thomas Hodges,https://picsum.photos/seed/author_a46/400/400,Class party morning ahead system better. Admit important own all. Chance away subject like.,1960,,"[""b68"", ""b116"", ""b158"", ""b285"", ""b329"", ""b342""]"
a47,Timothy Tyler,https://picsum.photos/seed/author_a47/400/400,"Recently read region. Know military forget office control learn debate. Occur simple head no weight budget off.
Support generation either song from beat. Short appear first price stage need light.",1979,,"[""b54"", ""b222"", ""b243"", ""b249"", ""b287"", ""b292""]"
a48,Juan Owens,https://picsum.photos/seed/author_a48/400/400,"Crime economy attorney full yard significant set indeed. Great ready stand better nearly one. Person too prepare good project necessary mind.
Dream space where discuss rise effort. Knowledge of mouth hope.",1961,,"[""b9"", ""b58"", ""b91"", ""b128"", ""b141"", ""b218""]"
a49,Kelsey Smith,https://picsum.photos/seed/author_a49/400/400,Across either send film. Collection learn marriage new blue. Say family impact southern friend.,1977,,"[""b10"", ""b59"", ""b64"", ""b70"", ""b109"", ""b282""]"
a50,Travis Bond,https://picsum.photos/seed/author_a50/400/400,"Eight today about within fly white race section. Near member house pull market respond garden hour.
Know any consider important knowledge. Happy large study.
Card party participant sister hair fact process.",1977,,"[""b62"", ""b66"", ""b79"", ""b217"", ""b235"", ""b327""]"
