id,type,title,excerpt,content,author,date,image_url,tags,is_approved,created_at
p1,spotlight,Top 5 Time Travel Novels of 2042,"Time travel isn't just for physicists anymore. We explore the best new entries in the genre, featuring Dr. Aris Thorne's latest masterpiece.","Time travel has always been a staple of science fiction, but 2042 has brought a renaissance to the genre. With the release of Dr. Aris Thorne's *The Chronos Paradox*, we are seeing a shift from simple paradoxes to complex examinations of causality and human nature.

### 1. The Chronos Paradox by Dr. Aris Thorne
This book redefines the genre. Thorne, a physicist himself, treats the fourth dimension with a respect and terror that is palpable. The protagonist isn't just fighting bad guys; he's fighting entropy itself.

### 2. Seconds to Midnight
A fast-paced thriller where the timeline resets every time the clock strikes twelve. Groundhog Day meets Die Hard.

### 3. The Vintage Year
What if you could travel back in time, but only to drink wine? A cozy mystery with a temporal twist.

### 4. Paradox Lost
A philosophical deep dive into the ethics of changing history. If you kill a tyrant, who replaces them?

### 5. Loop Theory
A hard sci-fi novel that requires a degree in mathematics to fully appreciate, but is rewarding for those who make the effort.",BookNook Editorial,2h ago,https://images.unsplash.com/photo-1451187580459-43490279c0fa?auto=format&fit=crop&w=800&q=80,"[""Curated List"", ""Sci-Fi""]",1,2025-12-14 22:31:44
p2,news,Crimson House Announces New Noir Series,The legendary publisher Crimson House is bringing back the golden age of noir with a new lineup of gritty mysteries.,"Crimson House, known for their impeccable taste in historical fiction and mystery, has announced the launch of a new imprint: **Shadow & Street**. 

The imprint will focus exclusively on noir and neo-noir titles. 

""We want to bring back the smoke-filled rooms, the femme fatales, and the moral ambiguity that defined the mid-20th century,"" said lead editor Sarah Jenkins. ""But we also want to modernize it. Give us diverse detectives, new settings, and cyber-noir twists.""

The first title, *Velvet Shadows* by Elara Vance, is already making waves with its atmospheric depiction of 1920s Paris. Critics are calling it 'The Maltese Falcon meets Midnight in Paris'.

Look out for more titles dropping in Q3 2024.",Literary News Bot,5h ago,,"[""News"", ""Publishing""]",1,2025-12-14 22:31:44
p3,blog,The Art of Baking Magic,Silas Hearth discusses how he builds magic systems based on sourdough starters and yeast fermentation.,"Creating a magic system is often about rules. For Silas Hearth, author of *The Baker's Grimoire*, the rules are biological.

""Yeast is magic,"" Hearth says, dusting flour from his apron. ""It's a living organism that transforms simple ingredients into something complex and alive. That's alchemy.""

In his novels, spells aren't cast with wands; they are kneaded into dough. A rising loaf can lift spirits—literally. A dense rye can ground a person against psychic attacks.

**Key principles of Sourdough Sorcery:**
*   **Time:** Magic cannot be rushed. It needs to prove.
*   **Temperature:** Heat activates the spell. The oven is the catalyst.
*   **Feeding:** You must feed your magic (or starter) regularly, or it will die.

Hearth's approach brings a tactile, cozy feel to fantasy that resonates with anyone who has ever found comfort in a warm slice of bread.",Guest Contributor,1d ago,https://images.unsplash.com/photo-1555507036-ab1f4038808a?auto=format&fit=crop&w=800&q=80,"[""Interview"", ""Fantasy"", ""Cooking""]",1,2025-12-14 22:31:44
p4,blog,Why We Re-Read Favorites,There is a comfort in returning to a familiar story. We explore the psychology behind re-reading.,"In a world obsessed with the 'new'—new releases, new authors, new trends—there is a quiet rebellion in picking up a book you have already read.

Psychologists suggest that re-reading offers a form of emotional regulation. It provides:
*   **Predictability:** In chaotic times, knowing the ending is soothing.
*   **Nostalgia:** It reconnects us with the person we were when we first read it.
*   **New Depth:** We notice details we missed the first time.

So next time you feel guilty for ignoring your 'To Be Read' pile in favor of Harry Potter or Pride and Prejudice for the tenth time, remember: you aren't just reading, you are practicing self-care.",Sarah Jenkins,2d ago,https://images.unsplash.com/photo-1476275466078-4007374efbbe?auto=format&fit=crop&w=800&q=80,"[""Essay"", ""Opinion"", ""Psychology""]",1,2025-12-14 22:31:44
p5,spotlight,Hidden Gems: Indie Sci-Fi,Big publishers don't have a monopoly on the future. Check out these incredible indie sci-fi books.,"The indie scene is where the real risks are being taken. While big publishers chase the next Hunger Games, indie authors are exploring weird, wild, and wonderful concepts.

**1. The Silicon God**
A story told entirely from the perspective of a server farm that gains sentience.

**2. Red Dust, Blue Water**
Terraforming Mars goes wrong, and colonists must adapt to a hallucination-inducing atmosphere.

**3. The Zero Point**
A hard physics drama about the discovery of free energy and the corporation trying to suppress it.

Support indie authors. They are writing the future.",BookNook Editorial,3d ago,,"[""Indie"", ""Sci-Fi"", ""Recommendations""]",1,2025-12-14 22:31:44
p6,news,Awards Season: The Booker Shortlist,"The shortlist is out, and it is full of surprises. Historical fiction dominates this year.","The Booker Prize judges have announced their shortlist, and it is a good year for history buffs. Four of the six titles are set in the past.

Leading the pack is *Beneath the Saffron Sky* by Amara Singh, a lush generational saga. Also included is a experimental novel told in the second person, and a translated work from a debut Korean author.

The winner will be announced next month.",Literary News Bot,4d ago,,"[""News"", ""Awards""]",1,2025-12-14 22:31:44
p7,blog,The Death of the Dust Jacket,Are dust jackets becoming obsolete in the age of beautiful hardcovers? We debate.,"Walk into any bookstore and you will see it: naked hardcovers. Beautifully embossed, foil-stamped, cloth-bound books that have ditched the flimsy paper wrapper.

**Pros of the Dust Jacket:**
*   Protects the book.
*   Can contain more marketing text.

**Cons:**
*   Tears easily.
*   Gets in the way of reading.
*   Hides the actual book design.

We believe the era of the printed hardcover case is here to stay. It looks better on Instagram, it feels better in the hand, and it generates less waste.",Design Team,1w ago,https://images.unsplash.com/photo-1519682337058-a94d519337bc?auto=format&fit=crop&w=800&q=80,"[""Design"", ""Opinion""]",1,2025-12-14 22:31:44
p8,spotlight,Cozy Mysteries for Autumn,"Sweaters, tea, and murder. The perfect combination.","As the leaves turn brown, our thoughts turn to cozy murder. There is nothing quite like reading about a poisoning in a quaint English village while you are curled up under a blanket.

**Recommendations:**
*   *The Teapot Poisoning*
*   *Death at the Vicarage*
*   *The Cat Who Solved Crimes*

Grab a pumpkin spice latte and enjoy.",BookNook Editorial,1w ago,,"[""Mystery"", ""Seasonal""]",1,2025-12-14 22:31:44
p9,news,Cyberia Press expands to North America,The Japanese sci-fi giant is opening offices in Seattle.,"Cyberia Press, the publisher behind hits like *Neon Ronin* and *Iron Heart*, is expanding its operations. They have announced a new headquarters in Seattle, aiming to translate more Japanese speculative fiction for the Western market.

This is great news for fans of cyberpunk and mecha fiction.",Literary News Bot,2w ago,,"[""News"", ""Business""]",1,2025-12-14 22:31:44
p10,blog,Writing Prompts for November,Get ready for National Novel Writing Month with these creative sparks.,"It's almost November, which means thousands of writers are preparing to write 50,000 words in 30 days. Here are some prompts to get you started:

1.  You find a door in your house that wasn't there yesterday.
2.  The last person on Earth hears a knock at the door.
3.  Your reflection blinks when you don't.
4.  You wake up on a spaceship with no memory of how you got there.

Good luck, writers!",Writing Coach,2w ago,,"[""Writing"", ""NaNoWriMo""]",1,2025-12-14 22:31:44
